url,price,availability,product_name,manufacturer,product_form
https://agroplant.com.ua/uk/abakus,8 710 грн.,В наявності,"Фунгіцид Абакус (Епоксиконазол, Піраклостробін)",БАСФ,10л
https://agroplant.com.ua/uk/avido,6 680 грн.,В наявності,"Авідо (Тіофанат-метил, Крезоксим-метил, Цимоксаніл)",Альфа Смарт Агро,5л
https://agroplant.com.ua/uk/avicenna-plus,7 640 грн.,В наявності,"Авіценна Плюс (Тебуконазол, Прохлораз, Піраклостробін, Боскалід)",Альфа Смарт Агро,5л
https://agroplant.com.ua/uk/avicenna,6 350 грн.,В наявності,"Авіценна (Тебуконазол, Прохлораз, Крезоксим-метил)",Альфа Смарт Агро,5л
https://agroplant.com.ua/uk/agent-gerbicid,2 070 грн.,В наявності,"Гербіцид Агент (Флорасулам, 2,4-Д)",Укравіт,5л
https://agroplant.com.ua/uk/agritoks,4 940 грн.,В наявності,Гербіцид Агрітокс (МЦПА),Нуфарм,10л
https://agroplant.com.ua/uk/agropav-ekstra,2 120 грн.,В наявності,АгроПАВ Екстра,Агрохімічні Технології,Unknown
https://agroplant.com.ua/uk/agropav,620 грн.,В наявності,АгроПАВ,Агрохімічні Технології,Unknown
https://agroplant.com.ua/uk/agrostar,8 470 грн.,В наявності,Гербіцид Агростар (2-метил-4-хлорфеноксиоцтової кислоти диметиламінна сіль),Укравіт,20л
https://agroplant.com.ua/uk/advokat,5 810 грн.,В наявності,Гербіцид Адвокат (Метрибузин),Нертус,5л
https://agroplant.com.ua/uk/admiral,5 980 грн.,В наявності,Інсектицид Адмірал (Пірипроксифен),Нуфарм,1л
https://agroplant.com.ua/uk/akanto-plyus-fungicid,9 540 грн.,В наявності,"Фунгіцид Аканто Плюс (Пікоксистробін, Ципроконазол)",Кортева,5л
https://agroplant.com.ua/uk/akvaglaid,1 240 грн.,В наявності,Акваглайд,Агрохімічні Технології,Unknown
https://agroplant.com.ua/uk/akkord,1 450 грн.,В наявності,"Фунгіцид Аккорд (Гідроксид міді, Сірка)",Нертус,5л
https://agroplant.com.ua/uk/akris,10 790 грн.,В наявності,"Гербіцид Акріс (Диметенамід-П, Тербутилазин)",БАСФ,10л
https://agroplant.com.ua/uk/gerbitsid-aksial,8 300 грн.,В наявності,"Гербіцид Гербіцид Аксіал (Піноксаден, Клоквінтосет-мексил)",Сингента,5л
https://agroplant.com.ua/uk/akula,6 220 грн.,В наявності,"Фунгіцид Акула (Тебуконазол, Ципроконазол, Прохлораз)",Укравіт,5л
https://agroplant.com.ua/uk/almaz-100,1 240 грн.,В наявності,Фунгіцид Алмаз 100 (Пенконазол),Нертус,1л
https://agroplant.com.ua/uk/alberto-protravitel,3 500 грн.,В наявності,Альберто (Тіаметоксам),Пест.Юей,5л
https://agroplant.com.ua/uk/alvius,3 610 грн.,В наявності,Гербіцид Альвіус (Нікосульфурон),Альфа Смарт Агро,5л
https://agroplant.com.ua/uk/alfa-dikamba,2 860 грн.,В наявності,Гербіцид Альфа Дикамба (Дикамба),Альфа Смарт Агро,5л
https://agroplant.com.ua/uk/alfa-dikvat-forte,3 360 грн.,В наявності,Альфа Дикват Форте десикант,Альфа Смарт Агро,10л
https://agroplant.com.ua/uk/desikant-alfa-dikvat,2 070 грн.,В наявності,Альфа Дикват десикант,Альфа Смарт Агро,10л
https://agroplant.com.ua/uk/alfa-etafon,1 740 грн.,В наявності,Альфа Етафон,Альфа Смарт Агро,Unknown
https://agroplant.com.ua/uk/alfalip-ekstra,850 грн.,В наявності,Альфалип Екстра,Альфа Смарт Агро,Unknown
https://agroplant.com.ua/uk/alfalip,700 грн.,В наявності,Альфалип,Альфа Смарт Агро,Unknown
https://agroplant.com.ua/uk/alfa-mais,830 грн.,В наявності,Гербіцид Альфа Маїс (Тифенсульфурон-метил),Альфа Смарт Агро,"0,1кг"
https://agroplant.com.ua/uk/alfa-p%D1%96ral%D1%96d,6 430 грн.,В наявності,Гербіцид Альфа Піралід (Клопіралід),Альфа Смарт Агро,5л
https://agroplant.com.ua/uk/alfa-prometrin,2 570 грн.,В наявності,Гербіцид Альфа Прометрин (Прометрин),Альфа Смарт Агро,10л
https://agroplant.com.ua/uk/alfa-standart,3 320 грн.,В наявності,Фунгіцид Альфа Стандарт (Карбендазим),Альфа Смарт Агро,10л
https://agroplant.com.ua/uk/alfa-star,1 040 грн.,В наявності,Гербіцид Альфа Стар (Трибенурон-метил),Альфа Смарт Агро,"0,5кг"
https://agroplant.com.ua/uk/alfa-star-duo,2 070 грн.,В наявності,"Гербіцид Альфа Стар Дуо (Тифенсульфурон-метил, Трибенурон-метил)",Альфа Смарт Агро,"0,5кг"
https://agroplant.com.ua/uk/amikon,4 690 грн.,В наявності,"Фунгіцид Амікон (Піраклостробін, Міклобутаніл)",Альфа Смарт Агро,5л
https://agroplant.com.ua/uk/kupit-gerbicid-aminka-cena-za-20-l,4 650 грн.,В наявності,"Гербіцид Аминка (2,4-Дихлорфеноксиоцитова кислота)",Нертус,20л
https://agroplant.com.ua/uk/amistar-gold,8 380 грн.,В наявності,"Фунгіцид Амістар Голд (Азоксистробін, Дифеноконазол)",Сингента,5л
https://agroplant.com.ua/uk/amistar-ekstra,8 260 грн.,В наявності,"Фунгіцид Амістар Екстра (Ципроконазол, Азоксистробін)",Сингента,5л
https://agroplant.com.ua/uk/amistar-trio-255,8 220 грн.,В наявності,"Фунгіцид Амістар Тріо 255 (Ципроконазол, Пропіконазол, Азоксистробін)",Сингента,5л
https://agroplant.com.ua/uk/ampligo,23 860 грн.,В наявності,"Інсектицид Ампліго (Хлорантраніліпрол, Лямбда-цигалотрин)",Сингента,5л
https://agroplant.com.ua/uk/andres-insecticid,4 800 грн.,В наявності,"Інсектицид Андерс (Імідаклоприд, Лямбда-цигалотрин)",Пест.Юей,5л
https://agroplant.com.ua/uk/anelas,2 070 грн.,В наявності,"Фунгіцид Анелас (Міклобутаніл, Піраклостробін)",Альфа Смарт Агро,1л
https://agroplant.com.ua/uk/antal,5 230 грн.,В наявності,"Антал (Тіабендазол, Імазаліл, Тебуконазол)",Нертус,"1л, 5л"
https://agroplant.com.ua/uk/antigus%D1%96n,1 870 грн.,В наявності,Інсектицид Антигусінь (Лямбда-цигалотрин),Укравіт,"1л, 5л"
https://agroplant.com.ua/uk/antikles%D1%81h-maks,5 390 грн.,В наявності,"Інсектицид Антикліщ Макс (Піриміфос-метил, Піридабен, Ацетаміприд)",Укравіт,5л
https://agroplant.com.ua/uk/antikolorad-maks,6 850 грн.,В наявності,"Інсектицид Антиколорад Макс (Імідаклоприд, Лямбда-цигалотрин)",Укравіт,5л
https://agroplant.com.ua/uk/antipirej-gerbicid-cena-za-5l-kupit,2 610 грн.,В наявності,Гербіцид Антипирій (Хізалофоп-П-тефурил),Укравіт,5л
https://agroplant.com.ua/uk/antisapa,1 910 грн.,В наявності,Гербіцид Антисапа (Метрибузин),Укравіт,1кг
https://agroplant.com.ua/uk/antihrusch-luks,5 150 грн.,В наявності,"Антихрущ Люкс (Імідаклоприд, Біфентрин, Ацетаміприд)",Укравіт,5л
https://agroplant.com.ua/uk/antihrusch-nsekticid-c-na-za-5-l,4 270 грн.,В наявності,"Антихрущ (Імідаклоприд, Біфентрин, Ацетаміпрід)",Укравіт,5л
https://agroplant.com.ua/uk/aperol-fungicid,2 820 грн.,В наявності,Фунгіцид Аперол (Тебуконазол),Пест.Юей,5л
https://agroplant.com.ua/uk/apronxl-350-syngenta-5l,35 900 грн.,В наявності,Апрон XL 350 (Мефеноксам),Сингента,5л
https://agroplant.com.ua/uk/argument-forte-500sl,5 520 грн.,В наявності,Гербіцид Аргумент Форте (Калійна сіль гліфосату),Нертус,20л
https://agroplant.com.ua/uk/argument-20l,3 860 грн.,В наявності,Гербіцид Аргумент (Ізопропіламінна сіль гліфосату),Нертус,20л
https://agroplant.com.ua/uk/armada,1 240 грн.,В наявності,"Армада (Імідаклоприд, Пенцикурон)",Агрохімічні Технології,1л
https://agroplant.com.ua/uk/assistant-maks,1 040 грн.,В наявності,Інсектицид Асистент Максі (Ацетаміприд),Агрохімічні Технології,1л
https://agroplant.com.ua/uk/astamil,2 200 грн.,В наявності,Гербіцид Астаміл (Нікосульфурон),Альфа Смарт Агро,5л
https://agroplant.com.ua/uk/astarg-gerbicid,2 400 грн.,В наявності,Гербіцид Астарг (Хізалофоп-П-етил),Пест.Юей,5л
https://agroplant.com.ua/uk/astral-komb%D1%96,15 270 грн.,В наявності,Гербіцид Астрал Комбі (Нікосульфурон),Нуфарм,5л
https://agroplant.com.ua/uk/gerbitsid-astral,3 690 грн.,В наявності,Гербіцид Астрал (Нікосульфурон),Нуфарм,5л
https://agroplant.com.ua/uk/ato-zhuk,4 754 грн.,В наявності,"Інсектицид АТО ЖУК (Тіаметоксам, Лямбда-цигалотрин, Альфа-циперметрин)",Укравіт,5л
https://agroplant.com.ua/uk/atriks,1 200 грн.,В наявності,Інсектицид Атрікс (Альфа-циперметрин),Агрохімічні Технології,5л
https://agroplant.com.ua/uk/ac-luks,910 грн.,В наявності,Інсектицид АЦ Люкс (Ацетаміприд),Укравіт,1кг
https://agroplant.com.ua/uk/atsidan-fungicid,1 040 грн.,В наявності,"Фунгіцид Ацидан (Металаксил, Манкоцеб)",Хімагромаркетинг,"2,5кг"
https://agroplant.com.ua/uk/gerbicid-acifen,13 610 грн.,В наявності,Гербіцид Ацифен (Ацифлуорфен),Агрохімічні Технології,20л
https://agroplant.com.ua/uk/ayaks,9 960 грн.,В наявності,"Фунгіцид Аякс (Епоксиконазол, Тіофанат-метил, Тебуконазол)",Укравіт,5л
https://agroplant.com.ua/uk/bazagran,8 180 грн.,В наявності,Гербіцид Базагран (Бентазон),БАСФ,10л
https://agroplant.com.ua/uk/baizafon,620 грн.,В наявності,Фунгіцид Байзафон (Триадимефон),Хімагромаркетинг,1кг
https://agroplant.com.ua/uk/bakash,1 240 грн.,В наявності,"Протруйник Бакаш (Дифеноконазол, Імазаліл, Азоксистробін, Тіаметоксам)",Нертус,1л
https://agroplant.com.ua/uk/baksiga-gerbicid,16 600 грн.,В наявності,"Гербіцид Баксіга (Флорпірауксифен-бензил, Пеноксулам (Rinskor active))",Кортева,5л
https://agroplant.com.ua/uk/barion,8 228 грн.,В наявності,Баріон (Металаксил-м),Укравіт,5л
https://agroplant.com.ua/uk/batman,3 190 грн.,В наявності,Батман десикант,Пест.Юей,10л
https://agroplant.com.ua/uk/kupit-gerbicid-batu-cena-za-0-5-kg,3 860 грн.,В наявності,Гербіцид Бату (Похідні сульфонілсечовини),Нертус,"0,3кг"
https://agroplant.com.ua/uk/belkar,11 190 грн.,В наявності,"Гербіцид Белкар (Галауксифен-метил (Arylex active), Піклорам)",Кортева,3л
https://agroplant.com.ua/uk/bergen-gerbicid,0 грн.,В наявності,Гербіцид Берген (Тербутилазин),Пест.Юей,20л
https://agroplant.com.ua/uk/berkut-forte,4 560 грн.,В наявності,Фунгіцид Беркут Форте (Тебуконазол),Нертус,5л
https://agroplant.com.ua/uk/berkut-fungicid,3 030 грн.,В наявності,Фунгіцид Беркут (Тебуконазол),Нертус,5л
https://agroplant.com.ua/uk/bernar-gerbicid,9 670 грн.,В наявності,Гербіцид Бернар (Бентазон),Пест.Юей,20л
https://agroplant.com.ua/uk/bimaks-gerbicid,1 000 грн.,В наявності,"Гербіцид Бімакс (Тіаметоксам, Тебуконазол)",Хімагромаркетинг,"0,5л"
https://agroplant.com.ua/uk/bimmer,3 320 грн.,В наявності,Інсектицид Біммер (Диметоат),Нертус,"1л, 10л"
https://agroplant.com.ua/uk/bokser-insekticid,3 610 грн.,В наявності,"Інсектицид Боксер (Ацетаміприд, Лямбда-цигалотрин)",Нертус,5л
https://agroplant.com.ua/uk/bolivar-forte,4 690 грн.,В наявності,Фунгіцид Болівар Форте (),Альфа Смарт Агро,
https://agroplant.com.ua/uk/bona-supervet,1 240 грн.,В наявності,Бона Супервет,Хімагромаркетинг,Unknown
https://agroplant.com.ua/uk/bonafait,620 грн.,В наявності,Фунгіцид Бонафайт (Пропінеб),Нертус,1кг
https://agroplant.com.ua/uk/brander-fungicid,5 520 грн.,В наявності,"Фунгіцид Брандер (Азоксистробін, Тебуконазол)",Нертус,5л
https://agroplant.com.ua/uk/brodvei,4 770 грн.,В наявності,Фунгіцид Бродвей (Азоксистробін),Хімагромаркетинг,5л
https://agroplant.com.ua/uk/buster-prilipach,2 070 грн.,В наявності,Бустер,Альфа Смарт Агро,Unknown
https://agroplant.com.ua/uk/vanteks,2 070 грн.,В наявності,Інсектицид Вантекс (Гамма-цигалотрин),ФМС,1л
https://agroplant.com.ua/uk/vareon-fungicid,8 920 грн.,В наявності,"Фунгіцид Вареон (Прохлораз, Тебуконазол, Проквіназид)",Кортева,5л
https://agroplant.com.ua/uk/varjag-trio,14 860 грн.,В наявності,"Гербіцид Варяг Тріо (Метолахлор, Мезотріон, Тербутилазин)",Укравіт,20л
https://agroplant.com.ua/uk/varyag-gerbitsid,10 790 грн.,В наявності,"Гербіцид Варяг (Метолахлор, Тербутилазин)",Укравіт,20л
https://agroplant.com.ua/uk/veiron,3 730 грн.,В наявності,"Гербіцид Вейрон (Флорасулам, Флуметсулам)",Укравіт,1л
https://agroplant.com.ua/uk/zhuk-off-venon,4 980 грн.,В наявності,"Інсектицид Венон (Жук ОFF) (Альфа-циперметрин, Клотіанідин)",Укравіт,5л
https://agroplant.com.ua/uk/gerbicidi-ventura,2 950 грн.,В наявності,Гербіцид Вентура (Клетодим),Пест.Юей,5л
https://agroplant.com.ua/uk/vencedor,1 700 грн.,В наявності,"Венцедор (Тебуконазол, Тирам)",Альфа Смарт Агро,5л
https://agroplant.com.ua/uk/verimark,1 910 грн.,В наявності,Інсектицид Верімарк (Циантраніліпрол),ФМС,"0,1л"
https://agroplant.com.ua/uk/vertimek-018,3 440 грн.,В наявності,Інсектицид Вертимек 018 (Абамектин),Сингента,1л
https://agroplant.com.ua/uk/veteran,1 120 грн.,В наявності,Інсектицид Ветеран (Ацетаміприд),Нертус,1л
https://agroplant.com.ua/uk/viares,1 040 грн.,В наявності,Інсектицид Віарес (Ацетаміприд),Альфа Смарт Агро,1л
https://agroplant.com.ua/uk/vivolt,1 500 грн.,В наявності,Віволт,Кортева,Unknown
https://agroplant.com.ua/uk/viking,6 560 грн.,В наявності,"Вікінг (Карбоксин, Тирам)",Нертус,20л
https://agroplant.com.ua/uk/vincit-forte,4 900 грн.,В наявності,"Вінцит Форте (Флутріафол, Тіабендазол, Імазаліл)",ФМС,5л
https://agroplant.com.ua/uk/virtuoz-fungicid,6 640 грн.,В наявності,"Фунгіцид Вiртуоз (Пропіконазол, Ципроконазол)",Нертус,5л
https://agroplant.com.ua/uk/vitaks,1 100 грн.,В наявності,Вітакс (Імідаклоприд),Хімагромаркетинг,"1л, 5л"
https://agroplant.com.ua/uk/vitalon-ekspert,5 520 грн.,В наявності,"Гербіцид Віталон Експерт (Етофумезат, Фенмедифам, Десмедифам)",Укравіт,5л
https://agroplant.com.ua/uk/volens,3 200 грн.,В наявності,"Гербіцид Воленс (Ацифлуорфен, Кломазон)",Нертус,5л
https://agroplant.com.ua/uk/galant-gerbicid,19 920 грн.,В наявності,Гербіцид Галант (Глюфосинат амонію),Укравіт,20л
https://agroplant.com.ua/uk/gart,1 280 грн.,В наявності,Фунгіцид Гарт (Гідроксид міді),Укравіт,2кг
https://agroplant.com.ua/uk/gvardian-tetra,7 800 грн.,В наявності,Гербіцид Раундап Макс (Калійна сіль гліфосату),Монсанто,20л
https://agroplant.com.ua/uk/gezagard-500-fw-5l,2 610 грн.,В наявності,Гербіцид Гезагард 500 FW (Прометрин),Сингента,5л
https://agroplant.com.ua/uk/aperol-geymer,6 970 грн.,В наявності,Фунгіцид Геймер (Флутриафол),Пест.Юей,10л
https://agroplant.com.ua/uk/gelianteks-gerbicid,15 500 грн.,В наявності,Гербіцид Геліантекс (Галауксифен-метил (Arylex active)),Кортева,1л
https://agroplant.com.ua/uk/gerbitsid-gelios-ekstra-kupit-opisanie-tsena-instruktsiya-ukraina,5 390 грн.,В наявності,Гербіцид Геліос Екстра (Калійна сіль гліфосату),Агрохімічні Технології,20л
https://agroplant.com.ua/uk/gelios-maksi,3 530 грн.,В наявності,Гербіцид Геліос Максі (Амонійна сіль гліфосату),Агрохімічні Технології,10кг
https://agroplant.com.ua/uk/gelios,3 700 грн.,В наявності,Гербіцид Геліос (Ізопропіламінна сіль гліфосату),Агрохімічні Технології,20л
https://agroplant.com.ua/uk/gerb-900-20l,10 040 грн.,В наявності,Гербіцид Герб 900 (Ацетохлор),Нертус,20л
https://agroplant.com.ua/uk/glifovit-ekstra,5 900 грн.,В наявності,Гербіцид Гліфовіт Екстра (Калійна сіль гліфосату),Укравіт,20л
https://agroplant.com.ua/uk/glifovit,3 800 грн.,В наявності,Гербіцид Гліфовіт (Ізопропіламінна сіль гліфосату),Укравіт,20л
https://agroplant.com.ua/uk/goldiks,9 210 грн.,В наявності,Гербіцид Голдікс (Метамітрон),Укравіт,5л
https://agroplant.com.ua/uk/goliaf,9 300 грн.,В наявності,"Гербіцид Голіаф (Дикамба, 2,4-Д)",Укравіт,20л
https://agroplant.com.ua/uk/gotika-insekticid,4 770 грн.,В наявності,"Інсектицид Готіка (Лямбда-цигалотрин, Тiаметоксам)",Нертус,5л
https://agroplant.com.ua/uk/granstar-gold,4 110 грн.,В наявності,"Гербіцид Гранстар Голд (Трибенурон-метил, Тифенсульфурон-метил)",ФМС,"0,35кг"
https://agroplant.com.ua/uk/grantoks,3 500 грн.,В наявності,Гербіцид Грантокс (МЦПА),Терра Віта,10л
https://agroplant.com.ua/uk/grejvis,3 610 грн.,В наявності,Грейвіс,Альфа Смарт Агро,Unknown
https://agroplant.com.ua/uk/grenader-maksi,1 660 грн.,В наявності,"Гербіцид Гренадер максі (Трибенурон-метил, Тифенсульфурон-метил)",Агрохімічні Технології,"0,5кг"
https://agroplant.com.ua/uk/gerbitsid-grenader-ekstra-kupit-opisanie-tsena-instruktsiya-ukraina,1 000 грн.,В наявності,Гербіцид Гренадер (Трибенурон-метил),Агрохімічні Технології,"0,5кг"
https://agroplant.com.ua/uk/groznij-ekspert,900 грн.,В наявності,Гербіцид Грізний Експерт (Трибенурон-метил),Нертус,"0,25кг"
https://agroplant.com.ua/uk/groznuj,800 грн.,В наявності,Гербіцид Грізний (Трибенурон-метил),Нертус,"0,25кг"
https://agroplant.com.ua/uk/grinfort-ig-480,7 800 грн.,В наявності,Гербіцид Раундап Макс (Калійна сіль гліфосату),Монсанто,20л
https://agroplant.com.ua/uk/grodil-maksi-375,4 900 грн.,В наявності,"Гербіцид Гроділ Максі (Йодосульфурон, Амідосульфурон, Мефенпір-діетил)",Байер,1л
https://agroplant.com.ua/uk/danadym-mix,3 150 грн.,В наявності,"Інсектицид Данадим Мікс (Диметоат, Гамма-цигалотрин)",ФМС,5л
https://agroplant.com.ua/uk/danadym-stabilny,4 810 грн.,В наявності,Інсектицид Данадим Стабільний (Диметоат),ФМС,10л
https://agroplant.com.ua/uk/datonit-gold,4 270 грн.,В наявності,Гербіцид Датоніт Голд (Метолахлор),Укравіт,5л
https://agroplant.com.ua/uk/dezal-fungicid,2 160 грн.,В наявності,Фунгіцид Дезал (Карбендазим),Нертус,"5л, 20л"
https://agroplant.com.ua/uk/desaral,2 070 грн.,В наявності,Фунгіцид Дезарал (Карбендазим),Укравіт,5л
https://agroplant.com.ua/uk/dezaral-ekstra,3 030 грн.,В наявності,"Фунгіцид Дезарал Екстра (Карбендазим, Флутриафол)",Укравіт,5л
https://agroplant.com.ua/uk/kupit-gerbicid-dekabrist-480-cena-za-5-l,3 400 грн.,В наявності,Гербіцид Декабрист 480 (Дикамба),Нертус,5л
https://agroplant.com.ua/uk/delavit,6 400 грн.,В наявності,Фунгіцид Делавіт (Дитіанон),Укравіт,5л
https://agroplant.com.ua/uk/gerbitsid-derbi-175,3 400 грн.,В наявності,"Гербіцид Дербі (Флуметсуламу, Флорасуламу)",Сингента,"0,5л"
https://agroplant.com.ua/uk/desikant-maks,12 030 грн.,В наявності,Десикант Макс Укравіт,Укравіт,20л
https://agroplant.com.ua/uk/desikant,6 220 грн.,В наявності,Десикант Укравіт,Укравіт,20л
https://agroplant.com.ua/uk/dzhek-pot,8 228 грн.,В наявності,"Фунгіцид Джек Пот (Пенконазол, Дифеноконазол)",Укравіт,"1л, 5л"
https://agroplant.com.ua/uk/geronimo,3 534 грн.,В наявності,"Інсектицид Джеронімо (Ацетаміприд, Біфентрин)",Кортева,1кг
https://agroplant.com.ua/uk/jin,800 грн.,В наявності,Інсектицид Джин (Фосфід алюмінію),Альфа Смарт Агро,1кг
https://agroplant.com.ua/uk/gerbicid-dzhulian,3 490 грн.,В наявності,Гербіцид Джуліан (Дикамба),Пест.Юей,5л
https://agroplant.com.ua/uk/divo-n,3 650 грн.,В наявності,Гербіцид Диво Н (Дикамба),Укравіт,5л
https://agroplant.com.ua/uk/desikant-dikvat,1 870 грн.,В наявності,Дикват десикант,Хімагромаркетинг,10л
https://agroplant.com.ua/uk/dimevit,9 960 грн.,В наявності,Інсектицид Димевіт (Диметоат),Укравіт,"5л, 20л"
https://agroplant.com.ua/uk/disulam,1 450 грн.,В наявності,"Гербіцид Дисулам (2,4-Д, Флорасулам)",Агрохімічні Технології,5л
https://agroplant.com.ua/uk/dialen-super-464-sl-10l,5 390 грн.,В наявності,"Гербіцид Діален Супер 464 (Дикамба, 2,4-Д)",Сингента,10л
https://agroplant.com.ua/uk/d-anat-gerbicid,8 590 грн.,В наявності,Гербіцид Діанат (Дикамба),БАСФ,10л
https://agroplant.com.ua/uk/divikston-gerbicid,13 160 грн.,В наявності,Гербіцид Дівікстон (Флорпірауксифен-бензил (Rinskor Active)),Кортева,3л
https://agroplant.com.ua/uk/dikopur-top-464,8 180 грн.,В наявності,"Гербіцид Дікопур Топ 464 (Дикамба, 2,4-Д)",Нуфарм,15л
https://agroplant.com.ua/uk/dilar,6 270 грн.,В наявності,Гербіцид Ділар (Клопіралід),Агрохімічні Технології,2кг
https://agroplant.com.ua/uk/dozor,1 450 грн.,В наявності,Інсектицид Дозор (Феноксикарб),Нертус,"0,6кг"
https://agroplant.com.ua/uk/dok-pro,2 570 грн.,В наявності,"Фунгіцид Док Про (Цимоксаніл, Міклобутаніл)",Альфа Смарт Агро,2кг
https://agroplant.com.ua/uk/doktor-krop,1 870 грн.,В наявності,Фунгіцид Доктор Кроп (Карбендазим),Хімагромаркетинг,5л
https://agroplant.com.ua/uk/gerbitsid-dual-gold,4 200 грн.,В наявності,Гербіцид Дуал Голд (S-метолахлор),Сингента,5л
https://agroplant.com.ua/uk/evro-3315,3 200 грн.,В наявності,"Гербіцид Євро-3315 (Імазамокс, Імазапір)",Квадрат,5л
https://agroplant.com.ua/uk/ekzor,7 497 грн.,В наявності,Екзор (Тіаметоксам),Укравіт,5л
https://agroplant.com.ua/uk/eklips,9 210 грн.,В наявності,Гербіцид Екліпс (Прометрин),Нуфарм,20л
https://agroplant.com.ua/uk/ekspert-pro,7 640 грн.,В наявності,"Гербіцид Експерт Про (Мезотріон, Нікосульфурон)",Хімагромаркетинг,10л
https://agroplant.com.ua/uk/express-gerbicid,6 100 грн.,В наявності,Гербіцид Експрес 75 (Трибенурон-метил),ФМС,"0,5кг"
https://agroplant.com.ua/uk/express-gold-gerbicid,3 570 грн.,В наявності,"Гербіцид Експрес Голд 75 (Трибенурон-метил, Тифенсульфурон-метил)",ФМС,"0,35кг"
https://agroplant.com.ua/uk/gerbitsid-jeljumis,25 110 грн.,В наявності,"Гербіцид Елюміс (Нікосульфурон, Мезотрон)",Сингента,20л
https://agroplant.com.ua/uk/enzhio-247,13 360 грн.,В наявності,"Інсектицид Енжіо 247 (Тіаметоксам, Лямбда–цигалотрин)",Сингента,5л
https://agroplant.com.ua/uk/eskalip,7 314 грн.,В наявності,"Інсектицид Ескаліп (Абамектин, Спіродиклофен)",Укравіт,5л
https://agroplant.com.ua/uk/etalon,6 060 грн.,В наявності,Гербіцид Еталон (Ацетохлор),Альфа Смарт Агро,20л
https://agroplant.com.ua/uk/etasyl,2 450 грн.,В наявності,Гербіцид Етасил (Етаметсульфурон-метил),Агрохімічні Технології,"0,25кг"
https://agroplant.com.ua/uk/etaforon,2 410 грн.,В наявності,Гербіцид Етафорон (Етаметсульфурон-метил),Хімагромаркетинг,"0,25кг"
https://agroplant.com.ua/uk/efatol,1 700 грн.,В наявності,Фунгіцид Ефатол (Фосетил алюмінію),Хімагромаркетинг,"2,5кг"
https://agroplant.com.ua/uk/evro-laytning-48,18 340 грн.,В наявності,"Гербіцид Євролайтінг (Імазапір, Імазамокс)",БАСФ,10л
https://agroplant.com.ua/uk/evro-lang,2 900 грн.,В наявності,"Гербіцид Євроланг (Імазетапір, Біоактиватор)",Нертус,5л
https://agroplant.com.ua/uk/evro-lend,3 200 грн.,В наявності,"Гербіцид Євроленд (Імазамокс, Імазапір)",Нертус,5л
https://agroplant.com.ua/uk/zhokei,6 680 грн.,В наявності,"Фунгіцид Жокей Екстра (Ципроконазол, Азоксистробін)",Хімагромаркетинг,5л
https://agroplant.com.ua/uk/insektitsid-zalp,1 870 грн.,В наявності,"Інсектицид Залп (Хлорпірифос, Циперметрин)",Альфа Смарт Агро,5л
https://agroplant.com.ua/uk/zahvat-oil,2 120 грн.,В наявності,Інсектицид Захват Ойл (Рослинна олія),Укравіт,"1л, 5л"
https://agroplant.com.ua/uk/zakhisnik-ekstra,4 937 грн.,В наявності,"Фунгіцид Захисник Екстра (Тіофанат-метил, Флутриафол)",Укравіт,5л
https://agroplant.com.ua/uk/zahisnik,2 700 грн.,В наявності,Фунгіцид Захисник (Тіофанат-метил),Укравіт,5л
https://agroplant.com.ua/uk/zahist,1 240 грн.,В наявності,"Фунгіцид Захист (Металаксил, Цимоксаніл)",Укравіт,1кг
https://agroplant.com.ua/uk/zidan-fungicid,3 730 грн.,В наявності,Фунгіцид Зидан (Карбендазим),Пест.Юей,10л
https://agroplant.com.ua/uk/imi-vit,3 110 грн.,В наявності,Гербіцид Імі-Віт (Імазамокс),Укравіт,5л
https://agroplant.com.ua/uk/impeks-duo,8 180 грн.,В наявності,"Гербіцид Імпекс Дуо (Імазамокс, Імазапір)",Агрохімічні Технології,10л
https://agroplant.com.ua/uk/inspir-gold,4 940 грн.,В наявності,"Фунгіцид Інспір Голд (Тебуконазол, Протіоконазол)",Укравіт,5л
https://agroplant.com.ua/uk/insekticid-intern,7 010 грн.,В наявності,Інсектицид Інтерн (Піриміфос-метил),Нертус,5л
https://agroplant.com.ua/uk/inferno,3 291 грн.,В наявності,Фунгіцид Інферно (Сірка),Укравіт,25кг
https://agroplant.com.ua/uk/inshur-perform,8 090 грн.,В наявності,"Іншур Перформ (Піраклостробін, Тритіконазол)",БАСФ,5л
https://agroplant.com.ua/uk/kajzer-protravitel-semyan,3 500 грн.,В наявності,Кайзер (Тіаметоксам),Нертус,"1л, 5л"
https://agroplant.com.ua/uk/kajman,3 240 грн.,В наявності,"Гербіцид Кайман (Хізалофоп-П-етил, Клетодим)",Альфа Смарт Агро,5л
https://agroplant.com.ua/uk/kayt,900 грн.,В наявності,Кайт прилипач,Пест.Юей,Unknown
https://agroplant.com.ua/uk/kankun-fungicid,3 360 грн.,В наявності,Фунгіцид Канкун (Пропіконазол),Пест.Юей,5л
https://agroplant.com.ua/uk/kanonir-duo,1 000 грн.,В наявності,"Інсектицид Канонір Дуо (Імідаклоприд, Лямбда-цигалотрин)",Агрохімічні Технології,"1л, 5л"
https://agroplant.com.ua/uk/kanonir-ultra,5 350 грн.,В наявності,Канонір Ультра (Імідаклоприд),Агрохімічні Технології,5л
https://agroplant.com.ua/uk/kantaris,5 520 грн.,В наявності,"Кантаріс (Тіаметоксам, Прохлораз, Флутріафол)",Альфа Смарт Агро,5л
https://agroplant.com.ua/uk/kapital,7 970 грн.,В наявності,"Фунгіцид Капітал (Епоксиконазол, Азоксистробін, Ципроконазол)",Укравіт,5л
https://agroplant.com.ua/uk/kupit-gerbicid-kapral-cena-za-5-l,7 300 грн.,В наявності,Гербіцид Капрал (Прометрин),Нертус,20л
https://agroplant.com.ua/uk/kaptora-48-sl,29 550 грн.,В наявності,"Гербіцид Каптора (Імазамокс, Імазапір)",Сингента,20л
https://agroplant.com.ua/uk/karate-zeon-050,6 810 грн.,В наявності,Інсектицид Карате Зеон 050 (Лямбда–цигалотрин),Сингента,5л
https://agroplant.com.ua/uk/kare,1 240 грн.,В наявності,Гербіцид Каре (Трифлусульфурон-метил),Нертус,"0,6кг"
https://agroplant.com.ua/uk/kariolis,5 193 грн.,В наявності,"Каріоліс (Флудиоксоніл, Металаксил-м)",Укравіт,5л
https://agroplant.com.ua/uk/kvadris,3 730 грн.,В наявності,Фунгіцид Квадріс (Азоксистробін),Сингента,1л
https://agroplant.com.ua/uk/kvadris-top-325,13 690 грн.,В наявності,"Фунгіцид Квадріс Топ 325 (Солатенол, Азоксистробіну, Дифеноконазолу)",Сингента,5л
https://agroplant.com.ua/uk/kvatrofors,4 030 грн.,В наявності,"Кватрофорс (Флутриафол, Імазаліл, Металаксил-м, Піраклостробін)",Агрохімічні Технології,5л
https://agroplant.com.ua/uk/kveleks,4 650 грн.,В наявності,"Гербіцид Квелекс (Галауксифен-метил, Флорасулам, Клоквінтосет-кислоти (антидот))",Кортева,"0,6кг"
https://agroplant.com.ua/uk/kvin-star-maks,3 110 грн.,В наявності,Гербіцид Квін Стар Макс (Хізалофоп-П-етил),Укравіт,5л
https://agroplant.com.ua/uk/kinto-duo,7 590 грн.,В наявності,"Кінто Дуо (Прохлораз, Тритіконазол)",БАСФ,5л
https://agroplant.com.ua/uk/kiper-fungicid,6 220 грн.,В наявності,"Фунгіцид Кіпер (Тебуконазол, Тіабендазол)",Нертус,5л
https://agroplant.com.ua/uk/klasik-forte,3 059 грн.,В наявності,"Гербіцид Класік Форте (Тифенсульфурон-метил, Хлоримурон-етил)",Кортева,"0,5кг"
https://agroplant.com.ua/uk/gerbitsid-klineffekt-kupit-opisanie-tsena-instruktsiya-ukraina,8 710 грн.,В наявності,Гербіцид Клінефект (Імазамокс),Хімагромаркетинг,1кг
https://agroplant.com.ua/uk/klinik-instrim,13 030 грн.,В наявності,"Гербіцид Клінік Ікстрим (Калійна сіль гліфосату, Ізопропіламінна сіль гліфосату)",Нуфарм,20л
https://agroplant.com.ua/uk/klinik-maks,11 330 грн.,В наявності,"Гербіцид Клінік Макс (Ізопропіламінна сіль гліфосату, 2,4-Д)",Нуфарм,20л
https://agroplant.com.ua/uk/klinik-20l,8 960 грн.,В наявності,Гербіцид Клінік (Ізопропіламінна сіль гліфосату),Нуфарм,5л
https://agroplant.com.ua/uk/clinkorn,830 грн.,В наявності,"Гербіцид Клінкорн (Нікосульфурон, Флуроксипір)",Хімагромаркетинг,"1л, 10л"
https://agroplant.com.ua/uk/klodeks-pro,2 450 грн.,В наявності,Гербіцид Клодекс Про (Кломазон),Агрохімічні Технології,5л
https://agroplant.com.ua/uk/klok-gerbicid,10 500 грн.,В наявності,Гербіцид Клок (Пропізохлор),Хімагромаркетинг,20л
https://agroplant.com.ua/uk/kolibris,19 800 грн.,В наявності,"Інсектицид Колібріс (Тіаклоприд, Новалурон)",Укравіт,5л
https://agroplant.com.ua/uk/komandir-gerbicid-cena-za-5l-kupit,4 770 грн.,В наявності,Гербіцид Командир (Кломазон),Укравіт,5л
https://agroplant.com.ua/uk/komandor-grand,6 060 грн.,В наявності,"Командор Гранд (Імідаклоприд, Альфа-циперметрин)",Альфа Смарт Агро,5л
https://agroplant.com.ua/uk/komandor-ekstra,5 520 грн.,В наявності,Командор Екстра (Імідаклоприд),Альфа Смарт Агро,5л
https://agroplant.com.ua/uk/konvoj-gerbicid,1 200 грн.,В наявності,"Гербіцид Конвой (Трибенурон-метил, Флорасулам, Триасульфурон)",Нертус,"0,25кг"
https://agroplant.com.ua/uk/kontador-duo,6 220 грн.,В наявності,"Інсектицид Контадор Дуо (Імидаклоприд, Лямбда-цигалотрин)",Нертус,5л
https://agroplant.com.ua/uk/kontador-maksi,7 430 грн.,В наявності,Контадор Максі (Імідаклоприд),Нертус,"1л, 5л"
https://agroplant.com.ua/uk/konfidor-insekticid,1 040 грн.,В наявності,Інсектицид Конфідор (Імідаклоприд),Байер,"0,5л"
https://agroplant.com.ua/uk/koragen-nsekticid-c-na-za-0-2-l,950 грн.,В наявності,Інсектицид Кораген (Хлорантраніліпрол),Дюпон,"0,2л"
https://agroplant.com.ua/uk/korvizar-m,5 270 грн.,В наявності,"Фунгіцид Корвізар М (Фенпропідин, Тебуконазол, Міклобутаніл)",Альфа Смарт Агро,5л
https://agroplant.com.ua/uk/cordus-flex,7 251 грн.,В наявності,"Гербіцид Кордус Флекс (Дикамба, Римсульфурон, Нікосульфурон, Ізоксадифен-етил (антидот))",Кортева,"2,4кг"
https://agroplant.com.ua/uk/kosajd-2000-fungicid,3 400 грн.,В наявності,Фунгіцид Косайд 2000 (Гідроксид міді),Кортева,1кг
https://agroplant.com.ua/uk/krosbi,4 150 грн.,В наявності,"Фунгіцид Кросбі (Пропіконазол, Тіофанат-метил)",Альфа Смарт Агро,5л
https://agroplant.com.ua/uk/kuper,2 070 грн.,В наявності,Фунгіцид Купер (Гідроксид міді),Нертус,5л
https://agroplant.com.ua/uk/lagotrin,1 290 грн.,В наявності,Інсектицид Лаготрин (Лямбда-цигалотрин),Агрохімічні Технології,1л
https://agroplant.com.ua/uk/layvit,4 425 грн.,В наявності,"Лайвіт (Протіоконазол, Дифеноконазол, Піраклостробін)",Укравіт,5л
https://agroplant.com.ua/uk/layner-protravitel,4 730 грн.,В наявності,Лайнер (Імідаклоприд),Пест.Юей,5л
https://agroplant.com.ua/uk/lamardor-pro,10 000 грн.,В наявності,"Ламардор Про (Протіоконазол, Тебуконазол, Флуопірам)",Байер,5л
https://agroplant.com.ua/uk/larimar,5 350 грн.,В наявності,"Ларімар (Тіабендазол, Тебуконазол)",Агрохімічні Технології,5л
https://agroplant.com.ua/uk/legenda-gerbicid,3 320 грн.,В наявності,"Гербіцид Легенда (Мезотріон, Нікосульфурон)",Нертус,5л
https://agroplant.com.ua/uk/kupit-gerbicid-lemur-cena-za-5-l,3 030 грн.,В наявності,Гербіцид Лемур (Квізалофоп-П-тефурил),Нертус,5л
https://agroplant.com.ua/uk/logran-75,1 240 грн.,В наявності,Гербіцид Логран 75 (Триасульфурон),Сингента,"0,12кг"
https://agroplant.com.ua/uk/logus,1 830 грн.,В наявності,"Інсектицид Логус (Емамектин бензоат, Альфа-циперметрин)",Альфа Смарт Агро,1л
https://agroplant.com.ua/uk/lok-5-insekticid,620 грн.,В наявності,Інсектицид ЛОК-5 (Лямбда-цигалотрин),Хімагромаркетинг,1л
https://agroplant.com.ua/uk/longas,3 820 грн.,В наявності,"Інсектицид Лонгас (Гексітіазокс, Абамектин)",Альфа Смарт Агро,1л
https://agroplant.com.ua/uk/luazit,8 050 грн.,В наявності,Гербіцид Луазит (Флуазифоп-П-бутил),Хімагромаркетинг,"5л, 10л, 20л"
https://agroplant.com.ua/uk/lyuvitor,6 850 грн.,В наявності,Інсектицид Лювітор (Тіаклоприд),Укравіт,5л
https://agroplant.com.ua/uk/luks-maks%D1%96,4 730 грн.,В наявності,"Інсектицид Люкс Максі (Тіаметоксам, Ацетаміприд)",Укравіт,5л
https://agroplant.com.ua/uk/gerbitsid-ljumaks,12 280 грн.,В наявності,"Гербіцид Люмакс (S-метолахлор, Тербутілазін, Мезотріон)",Сингента,20л
https://agroplant.com.ua/uk/lyuter-insecticid,1 660 грн.,В наявності,Інсектицид Лютер (Альфа-циперметрин),Пест.Юей,5л
https://agroplant.com.ua/uk/magistr-herbicide,3 820 грн.,В наявності,Гербіцид Магістр (Флуміоксазин),Хімагромаркетинг,1кг
https://agroplant.com.ua/uk/maestro,3 730 грн.,В наявності,"Фунгіцид Маестро (Ципроконазол, Пропіконазол)",Агрохімічні Технології,5л
https://agroplant.com.ua/uk/mayster-pauer,8 760 грн.,В наявності,"Гербіцид МайсТер Пауер (Форамсульфурон, Йодосульфурон-метил-натрій, Тиенкарбазон-метил, Ципросульфамід (антидот))",Байер,5л
https://agroplant.com.ua/uk/mayster,8 760 грн.,В наявності,"Гербіцид МайсТер Пауер (Форамсульфурон, Йодосульфурон-метил-натрій, Тиенкарбазон-метил, Ципросульфамід (антидот))",Байер,5л
https://agroplant.com.ua/uk/kupit-gerbicid-maytus-cena-za-0-5-kg,1 000 грн.,В наявності,Гербіцид Майтус (Похідні Сульфонілсечовини),Нертус,"0,25кг"
https://agroplant.com.ua/uk/makas,2 530 грн.,В наявності,Фунгіцид Макас (Карбендазим),Нуфарм,5л
https://agroplant.com.ua/uk/maksim-025-5l,6 220 грн.,В наявності,Максим 025 (Флудіоксоніл),Сингента,5л
https://agroplant.com.ua/uk/maksim-xl-035-fs-5l-20l,12 080 грн.,В наявності,"Максим 035 (Флудіоксоніл, Металаксил-м)",Сингента,"5л, 20л"
https://agroplant.com.ua/uk/maksim-advans-195,10 790 грн.,В наявності,"Максим Адванс 195 (Флудиоксоніл, Металаксил–м, Тіабендазол)",Сингента,5л
https://agroplant.com.ua/uk/maksim-star-025-fs,4 690 грн.,В наявності,"Максим Стар 025 (Флудіоксоніл, Ципроконазол)",Сингента,5л
https://agroplant.com.ua/uk/maksim-forte-050-fs,5 770 грн.,В наявності,"Максим Форте 050 (Флудіоксоніл, Тебуконазол, Азоксистробін)",Сингента,5л
https://agroplant.com.ua/uk/makstar-gerbicid-cena-za-20l-kupit,5 390 грн.,В наявності,Гербіцид Макстар (Флуроксипір-метил),Укравіт,5л
https://agroplant.com.ua/uk/mastak-gerbicid-cena-za-5l-kupit,11 000 грн.,В наявності,Гербіцид Мастак (Клопіралід),Укравіт,5л
https://agroplant.com.ua/uk/matador-protravitel,3 940 грн.,В наявності,Матадор (Імідаклоприд),Укравіт,5л
https://agroplant.com.ua/uk/mega-dikvat,3 610 грн.,В наявності,Мега Дикват десикант,Хімагромаркетинг,10л
https://agroplant.com.ua/uk/median-protravitel,2 160 грн.,В наявності,Медіан (Тебуконазол),Пест.Юей,5л
https://agroplant.com.ua/uk/metakarb-fungicid,6 220 грн.,В наявності,"Фунгіцид Метакарб (Карбендазим, Металаксил)",Хімагромаркетинг,10л
https://agroplant.com.ua/uk/meteor-fungicid,5 980 грн.,В наявності,Фунгіцид Метеор (Гідроокис міді),Хімагромаркетинг,10кг
https://agroplant.com.ua/uk/metrizan,1 450 грн.,В наявності,Гербіцид Метризан (Метрибузин),Агрохімічні Технології,1кг
https://agroplant.com.ua/uk/migel-gerbicid,1 620 грн.,В наявності,Гербіцид Мігель (Нікосульфурон),Пест.Юей,5л
https://agroplant.com.ua/uk/kupit-gerbicid-mikado-cena-za-5-l,7 840 грн.,В наявності,"Гербіцид Мікадо (Клопіралід, Піклорам)",Нертус,5л
https://agroplant.com.ua/uk/miladar-duo,3 860 грн.,В наявності,"Гербіцид Міладар Дуо (Мезотріон, Нікосульфурон)",Укравіт,5л
https://agroplant.com.ua/uk/miladar,2 030 грн.,В наявності,Гербіцид Міладар (Нікосульфурон),Укравіт,5л
https://agroplant.com.ua/uk/milafort-ekstra,5 850 грн.,В наявності,"Гербіцид Мілафорт Екстра (Мезотріон, Нікосульфурон)",Агрохімічні Технології,10л
https://agroplant.com.ua/uk/milafort,2 780 грн.,В наявності,Гербіцид Мілафорт (Нікосульфурон),Агрохімічні Технології,10л
https://agroplant.com.ua/uk/kupit-gerbicid-milafuron-cena-za-5-l,2 370 грн.,В наявності,Гербіцид Мілафурон (Нікосульфурон),Нертус,5л
https://agroplant.com.ua/uk/miravis-duo,10 540 грн.,В наявності,"Фунгіцид Міравіс Дуо (Адепідин, Дифеноконазол)",Сингента,5л
https://agroplant.com.ua/uk/mist-super-insekticid,3 820 грн.,В наявності,"Інсектицид Міст Супер (Тіаметоксам, Лямбда-цигалотрин)",Хімагромаркетинг,1л
https://agroplant.com.ua/uk/movento-insekticid,2 530 грн.,В наявності,Інсектицид Мовенто (Спіротетрамат),Байер,1л
https://agroplant.com.ua/uk/monitor,14 320 грн.,В наявності,Гербіцид Монітор (Сульфосульфурон),Нуфарм,"0,133кг"
https://agroplant.com.ua/uk/motor,4 150 грн.,В наявності,Гербіцид Мотор (Імазамокс),Нертус,5л
https://agroplant.com.ua/uk/insektitsid-napoval,3 940 грн.,В наявності,"Інсектицид Наповал (Імідаклоприд, Альфа-циперметрин)",Альфа Смарт Агро,5л
https://agroplant.com.ua/uk/naraps,10 170 грн.,В наявності,"Гербіцид Нарапс (Клопіралід, Піклорам)",Укравіт,5л
https://agroplant.com.ua/uk/insektitsid-nokaut-ekstra,2 160 грн.,В наявності,Інсектицид Нокаут Екстра (Альфа-циперметрин),Альфа Смарт Агро,5л
https://agroplant.com.ua/uk/nomays,1 040 грн.,В наявності,Номайс,Альфа Смарт Агро,Unknown
https://agroplant.com.ua/uk/norvel-ekstra,2 860 грн.,В наявності,Гербіцид Норвел Екстра (Хізалофоп-П-етил),Хімагромаркетинг,5л
https://agroplant.com.ua/uk/nuprid-600,11 620 грн.,В наявності,Нупрід 600 (Імідаклоприд),Нуфарм,5л
https://agroplant.com.ua/uk/operkot-akro,1 290 грн.,В наявності,"Інсектицид Оперкот Акро (Імідаклоприд, Лямбда-цигалотрин)",Хімагромаркетинг,"1л, 5л"
https://agroplant.com.ua/uk/operkot-insekticid,460 грн.,В наявності,Інсектицид Оперкот (Лямбда-цигалотрин),Хімагромаркетинг,"0,5"
https://agroplant.com.ua/uk/orbit,5 930 грн.,В наявності,Фунгіцид Орбіт (Тебуконазол),Нуфарм,5л
https://agroplant.com.ua/uk/oreol-maksi,4 030 грн.,В наявності,Гербіцид Ореол Максі (Хізалофоп-П-етил),Агрохімічні Технології,10л
https://agroplant.com.ua/uk/osnova-gerbitsid,6 060 грн.,В наявності,Гербіцид Основа (Ацетохлор),Агрохімічні Технології,20л
https://agroplant.com.ua/uk/otaman-ekstra,5 310 грн.,В наявності,Гербіцид Отаман Екстра (Калійна сіль гліфосату),Альфа Смарт Агро,20л
https://agroplant.com.ua/uk/otaman,3 690 грн.,В наявності,Гербіцид Отаман (Ізопропіламінна сіль гліфосату),Альфа Смарт Агро,20л
https://agroplant.com.ua/uk/pallas-gerbicid,10 830 грн.,В наявності,"Гербіцид Паллас (Піроксулам, Клоквінтосет-кислоти (антидот))",Кортева,5л
https://agroplant.com.ua/uk/pallas-ekstra-gerbicid,14 190 грн.,В наявності,"Гербіцид Паллас Екстра (Піроксулам, Галауксифен-метил (Arylex active), Клоквінтосет-кислота (антидот))",Кортева,1кг
https://agroplant.com.ua/uk/panda-gerbicid-cena-za-20l-kupit,14 110 грн.,В наявності,Гербіцид Панда (Пендиметалін),Укравіт,20л
https://agroplant.com.ua/uk/protravitel-paskal,8 300 грн.,В наявності,"Паскаль (Флудіоксоніл, Тебуконазол, Азоксистробін, Тіаметоксам)",Укравіт,5л
https://agroplant.com.ua/uk/pik-75,2 700 грн.,В наявності,Гербіцид Пік 75 (Просульфурон),Сингента,"0,1кг"
https://agroplant.com.ua/uk/pikador,15 890 грн.,В наявності,Гербіцид Пікадор (Імазетапір),Укравіт,20л
https://agroplant.com.ua/uk/plenum-50,3 940 грн.,В наявності,Інсектицид Пленум 50 (Піметрозин),Сингента,1кг
https://agroplant.com.ua/uk/polkar-insecticid,410 грн.,В наявності,Інсектицид Полкар (Ацетаміприд),Пест.Юей,"0,5кг"
https://agroplant.com.ua/uk/gerbicidi-pragmat,13 160 грн.,В наявності,Гербіцид Прагмат (Ацетохлор),Пест.Юей,20л
https://agroplant.com.ua/uk/praim,2 740 грн.,В наявності,"Гербіцид Пріма (2,4-Д, Флорасулам)",Кортева,5л
https://agroplant.com.ua/uk/president-insekticid,5 060 грн.,В наявності,"Інсектицид Президент (Імідаклоприд, Лямбда-цигалотрин, Ацетаміприд)",Нертус,5л
https://agroplant.com.ua/uk/kupit-gerbicid-premium-gold-cena-za-20-l,6 890 грн.,В наявності,"Гербіцид Преміум Голд (S-метолахлор, Тербутилазин)",Нертус,20л
https://agroplant.com.ua/uk/prenta-fungicid,3 440 грн.,В наявності,"Фунгіцид Прента (Дифеноконазол, Триадимефон)",Нертус,5л
https://agroplant.com.ua/uk/primekstra-tz-gold-500-sc-20l,11 080 грн.,В наявності,"Гербіцид Примекстра ТЗ Голд 500 (S–метолахлор, Тербутилазин)",Сингента,20л
https://agroplant.com.ua/uk/primekstra-gold-720-sc,10 830 грн.,В наявності,"Гербіцид Примекстра Голд 720 SC (S–метолахлор, Атразин)",Сингента,20л
https://agroplant.com.ua/uk/gerbicidi-pristar,1 000 грн.,В наявності,Гербіцид Пристар (Трибенурон-метил),Пест.Юей,"0,5кг"
https://agroplant.com.ua/uk/prima-forte,3 320 грн.,В наявності,"Гербіцид Пріма Форте (2,4-Д, Флорасулам, Амінопіралід)",Сингента,5л
https://agroplant.com.ua/uk/prima,2 740 грн.,В наявності,"Гербіцид Пріма (2,4-Д, Флорасулам)",Кортева,5л
https://agroplant.com.ua/uk/prius,2 000 грн.,В наявності,"Гербіцид Пріус (2,4-Д, Флорасулам)",Нертус,5л
https://agroplant.com.ua/uk/promeks,5 060 грн.,В наявності,Гербіцид Промекс (Прометрин),Агрохімічні Технології,20л
https://agroplant.com.ua/uk/propazoks,6 680 грн.,В наявності,Гербіцид Пропазокс (Пропізохлор),Агрохімічні Технології,20л
https://agroplant.com.ua/uk/gerbicidi-prospero,8 130 грн.,В наявності,Гербіцид Просперо (Прометрин),Пест.Юей,10л
https://agroplant.com.ua/uk/protipen-penogasitel,410 грн.,В наявності,Протипен,Агрохімічні Технології,Unknown
https://agroplant.com.ua/uk/pulsar-fleks,8 200 грн.,В наявності,Гербіцид Пульсар Флекс (Імазамокс),БАСФ,10л
https://agroplant.com.ua/uk/pulsar-40-gerbicid,15 350 грн.,В наявності,Гербіцид Пульсар 40 (Імазамокс),БАСФ,10л
https://agroplant.com.ua/uk/gerbicidi-punktir,1 700 грн.,В наявності,Гербіцид Пунктир (Нікосульфурон),Пест.Юей,"0,5кг"
https://agroplant.com.ua/uk/radiant,1 478 грн.,В наявності,Інсектицид Радіант (Спінеторам),Кортева,"0,5л"
https://agroplant.com.ua/uk/insektitsid-razit,4 440 грн.,В наявності,"Інсектицид Разит (Імідаклоприд, Ацетаміприд, Альфа-циперметрин)",Альфа Смарт Агро,5л
https://agroplant.com.ua/uk/rancho-insekticid,1 240 грн.,В наявності,Інсектицид Ранчо (Клотіанідин),Хімагромаркетинг,1л
https://agroplant.com.ua/uk/raundap-maks,7 800 грн.,В наявності,Гербіцид Раундап Макс (Калійна сіль гліфосату),Монсанто,20л
https://agroplant.com.ua/uk/revus-top-500,13 795 грн.,В наявності,"Фунгіцид Ревус ТОП 500 (Мандіпропамід, Дифеноконазол)",Сингента,5л
https://agroplant.com.ua/uk/regent-20g,5 930 грн.,В наявності,Інсектицид Регент (Фіпроніл),БАСФ,10кг
https://agroplant.com.ua/uk/registan-ultra,7 760 грн.,В наявності,Регістан Ультра десикант,Агрохімічні Технології,20л
https://agroplant.com.ua/uk/reglon-eir-200,11 620 грн.,В наявності,Реглон Ейр 200 десикант,Сингента,20л
https://agroplant.com.ua/uk/reglon-super-150,7 510 грн.,В наявності,Реглон Супер 150 десикант,Сингента,10л
https://agroplant.com.ua/uk/desikant-reglon-forte-200-sl,8 090 грн.,В наявності,Реглон Форте 200 десикант,Сингента,10л
https://agroplant.com.ua/uk/rezident,6 020 грн.,В наявності,"Інсектицид Резидент (Фенпіроксимат, Піридабен)",Нертус,5л
https://agroplant.com.ua/uk/rezonans,4 320 грн.,В наявності,Інсектицид Резонанс (Хлорпірифос),Хімагромаркетинг,10л
https://agroplant.com.ua/uk/rekord,3 730 грн.,В наявності,"Рекорд (Карбоксин, Тирам)",Укравіт,5л
https://agroplant.com.ua/uk/reks-duo,14 940 грн.,В наявності,"Фунгіцид Рекс Дуо (Тіофанат-метил, Епоксиконазол)",БАСФ,10л
https://agroplant.com.ua/uk/relevant,5 150 грн.,В наявності,"Фунгіцид Релевант (Тіофанат-метил, Цимоксаніл, Продукт ферментації Streptomyces)",Альфа Смарт Агро,5л
https://agroplant.com.ua/uk/restler-trio,5 770 грн.,В наявності,"Рестлер Тріо (Ципроконазол, Прохлораз, Флудіоксоніл)",Укравіт,5л
https://agroplant.com.ua/uk/ridom-l-gold-fung-cid-c-na-za-5-kg,4 440 грн.,В наявності,"Фунгіцид Ридоміл Голд (Манкоцеб, Металаксил-М)",Сингента,5кг
https://agroplant.com.ua/uk/rinkotseb,790 грн.,В наявності,"Фунгіцид Рінкоцеб (Металаксил, Манкоцеб)",Нертус,1кг
https://agroplant.com.ua/uk/salsa-gerbicid,10 130 грн.,В наявності,Гербіцид Сальса (Етаметсульфурон-метил),ФМС,"0,25кг"
https://agroplant.com.ua/uk/samshit,8 228 грн.,В наявності,"Фунгіцид Самшит (Крезоксим-метил, Дифеноконазол)",Укравіт,5л
https://agroplant.com.ua/uk/svitch-625,4 490 грн.,В наявності,"Фунгіцид Світч 62,5 (Ципродиніл, Флудиоксоніл)",Сингента,1кг
https://agroplant.com.ua/uk/selenit-maks,5 390 грн.,В наявності,Гербіцид Селеніт Макс (Клетодим),Укравіт,5л
https://agroplant.com.ua/uk/selest-maks-165-fs-20l,9 340 грн.,В наявності,"Селест Макс 165 (Флудиоксоніл, Тебуконазол, Тіаметоксам)",Сингента,5л
https://agroplant.com.ua/uk/selest-top-312-5-fs,17 840 грн.,В наявності,"Селест Топ 312,5 (Тіаметоксам, Дифеноконазол, Флудіоксоніл)",Сингента,5л
https://agroplant.com.ua/uk/selefit-ekstra,12 450 грн.,В наявності,"Гербіцид Селефіт Екстра (Прометрин, Метрибузин)",Укравіт,20л
https://agroplant.com.ua/uk/gerbitsid-selefit,8 050 грн.,В наявності,Гербіцид Селефит (Прометрин),Укравіт,20л
https://agroplant.com.ua/uk/sentinel,3 730 грн.,В наявності,"Гербіцид Сентинел (Пропізохлор, Метрибузин)",Нертус,5л
https://agroplant.com.ua/uk/gerbitsid-serp,2 610 грн.,В наявності,Гербіцид Гербіцид Серп (Імазетапір),Нертус,5л
https://agroplant.com.ua/uk/sidgard-protravitel,1 120 грн.,В наявності,Сидгард (Флудіоксоніл),Хімагромаркетинг,1л
https://agroplant.com.ua/uk/sigur,9 340 грн.,В наявності,"Гербіцид Сігур (Мезотріон, Нікосульфурон, Римсульфурон)",Альфа Смарт Агро,"2,5кг"
https://agroplant.com.ua/uk/sinan,4 960 грн.,В наявності,"Фунгіцид Сінан (Піраклостробін, Дифеноконазол)",Укравіт,5л
https://agroplant.com.ua/uk/sintak,3 360 грн.,В наявності,Інсектицид Сінтак (Гекситіазокс),Альфа Смарт Агро,1л
https://agroplant.com.ua/uk/skor-fung-cid-c-na-za-1-l,6 220 грн.,В наявності,Фунгіцид Скор (Дифеноконазол),Сингента,1л
https://agroplant.com.ua/uk/skorazol,1 660 грн.,В наявності,Фунгіцид Скоразол (Дифеноконазол),Нертус,1л
https://agroplant.com.ua/uk/skorpion-forte,5 020 грн.,В наявності,Скорпіон Форте десикант,Нертус,20л
https://agroplant.com.ua/uk/slash-gerbicid,10 000 грн.,В наявності,"Гербіцид Слаш (Галауксифен-метил (Arylex active), Клопіралід)",Кортева,5л
https://agroplant.com.ua/uk/smert-zhukam,1 830 грн.,В наявності,Інсектицид Смерть жукам (Імідаклоприд),Укравіт,1кг
https://agroplant.com.ua/uk/snuker,11 950 грн.,В наявності,Фунгіцид Снукер (Метконазол),Хімагромаркетинг,10л
https://agroplant.com.ua/uk/sokil-gerbicid,2 500 грн.,В наявності,Гербіцид Сокіл (Хізалофоп-П-етил),Нертус,5л
https://agroplant.com.ua/uk/kupit-gerbicid-sonhus-cena-za-1-kg,1 040 грн.,В наявності,Гербіцид Сонхус (Клопиралид),Нертус,"0,5кг"
https://agroplant.com.ua/uk/spiker,2 120 грн.,В наявності,"Інсектицид Спікер (Діметоат, Бета-циперметрин)",Нертус,5л
https://agroplant.com.ua/uk/gerbicidi-spiner,8 420 грн.,В наявності,Гербіцид Спінер (Ізопропіламінна сіль гліфосату),Пест.Юей,20л
https://agroplant.com.ua/uk/standak-top-tn,22 120 грн.,В наявності,"Стандак Топ (Піраклостробін, Фіпроніл, Тіофанат)",БАСФ,5л
https://agroplant.com.ua/uk/star-20-insekticid,1 080 грн.,В наявності,Інсектицид Стар 20 (Ацетаміприд),Хімагромаркетинг,1кг
https://agroplant.com.ua/uk/stels,17 430 грн.,В наявності,Гербіцид Стелс (Флурохлорідон),Укравіт,"5л, 20л"
https://agroplant.com.ua/uk/stiraks,3 030 грн.,В наявності,"Стиракс (Карбоксин, Тирам)",Хімагромаркетинг,5л
https://agroplant.com.ua/uk/gerbicid-stiven,11 410 грн.,В наявності,Гербіцид Стівен (Пропізохлор),Пест.Юей,20л
https://agroplant.com.ua/uk/stomp-330-gerbicid,7 590 грн.,В наявності,Гербіцид Стомп 330 (Пендиметалін),БАСФ,10л
https://agroplant.com.ua/uk/strazh,8 728 грн.,В наявності,Фунгіцид Страж (Ципродиніл),Укравіт,5л
https://agroplant.com.ua/uk/strobitek-fungicid,1 040 грн.,В наявності,Фунгіцид Стробітек (Крезоксим-метил),Хімагромаркетинг,"0,2кг"
https://agroplant.com.ua/uk/sulfonil,1 870 грн.,В наявності,Гербіцид Сульфоніл (Нікосульфурон),Агрохімічні Технології,"0,5кг"
https://agroplant.com.ua/uk/sumy-alfa,3 650 грн.,В наявності,Інсектицид Сумі-Альфа (Лямбда-есфенвалерат),Нуфарм,5л
https://agroplant.com.ua/uk/sumitron,4 860 грн.,В наявності,Інсектицид Сумітіон (Фенітротіон),Нуфарм,5л
https://agroplant.com.ua/uk/insektitsid-superb%D1%96zon,3 030 грн.,В наявності,Інсектицид СуперБізон (Диметоат),Альфа Смарт Агро,10л
https://agroplant.com.ua/uk/supervin,3 940 грн.,В наявності,"Супервін (Тіабендазол, Флутріафол)",Укравіт,5л
https://agroplant.com.ua/uk/kupit-gerbicid-tabezon-cena-za-5-l,11 580 грн.,В наявності,Гербіцид Табезон (Бентазон),Нертус,20л
https://agroplant.com.ua/uk/talant,1 580 грн.,В наявності,Талант,Нертус,Unknown
https://agroplant.com.ua/uk/talendo-fungicid,3 610 грн.,В наявності,Фунгіцид Талендо (Проквіназид),Кортева,1л
https://agroplant.com.ua/uk/talius-fungicid,3 440 грн.,В наявності,Фунгіцид Таліус (Проквіназид),Кортева,1л
https://agroplant.com.ua/uk/tanais,2 410 грн.,В наявності,Гербіцид Танаїс (Римсульфурон),Агрохімічні Технології,"0,5кг"
https://agroplant.com.ua/uk/tandem,3 255 грн.,В наявності,Тандем,Укравіт,Unknown
https://agroplant.com.ua/uk/tanos-fungicid,5 060 грн.,В наявності,"Фунгіцид Танос (Цимоксаніл, Фамоксадон)",Кортева,2кг
https://agroplant.com.ua/uk/taurt,6 470 грн.,В наявності,"Таурт (Дифеноконазол, Імазаліл, Азоксистробін)",Нертус,5л
https://agroplant.com.ua/uk/taurus,1 040 грн.,В наявності,Інсектицид Таурус (Піридабен),Хімагромаркетинг,1кг
https://agroplant.com.ua/uk/tvist,4 145 грн.,В наявності,"Гербіцид Твіст (Галауксифен-метил, Флорасулам, Клоквінтосет-кислоти (антидот))",Сингента,"0,5кг"
https://agroplant.com.ua/uk/tebuzan-ultra,1 120 грн.,В наявності,Тебузан Ультра (Тебуконазол),Хімагромаркетинг,1л
https://agroplant.com.ua/uk/tebufor,6 220 грн.,В наявності,Фунгіцид Тебуфор (Тебуконазол),Хімагромаркетинг,5л
https://agroplant.com.ua/uk/tajzer,17 970 грн.,В наявності,Фунгіцид Тейзер (Азоксистробін),Нуфарм,10л
https://agroplant.com.ua/uk/telamus,8 300 грн.,В наявності,"Фунгіцид Теламус (Пропіконазол, Піраклостробін, Боскалід)",Альфа Смарт Агро,5л
https://agroplant.com.ua/uk/terts-gerbicid,10 790 грн.,В наявності,Гербіцид Терц (Пропізохлор),Нертус,20л
https://agroplant.com.ua/uk/tetris-fungicid,4 900 грн.,В наявності,Фунгіцид Тетріс (Піраклостробін),Пест.Юей,5л
https://agroplant.com.ua/uk/gerbicid-tiberiy,1 780 грн.,В наявності,"Гербіцид Тиберій (Тифенсульфурон-метил, Трибенурон-метил)",Пест.Юей,"0,5кг"
https://agroplant.com.ua/uk/ti-reks,5 810 грн.,В наявності,"Фунгіцид Ті Рекс (Пропіконазол, Тріадимефон)",Укравіт,5л
https://agroplant.com.ua/uk/tiaben-t,6 220 грн.,В наявності,"Тіабен Т (Тритиконазол, Тіабендазол)",Хімагромаркетинг,5л
https://agroplant.com.ua/uk/tiatrin-protravitel,5 850 грн.,В наявності,"Тіатрин (Тіаметоксам, Бета-цифлутрин)",Агрохімічні Технології,5л
https://agroplant.com.ua/uk/tivitus,2 490 грн.,В наявності,Гербіцид Тівітус (Римсульфурон),Укравіт,"0,5кг"
https://agroplant.com.ua/uk/tizer,3 530 грн.,В наявності,Гербіцид Тізер (Пропизохлор),Укравіт,"5л, 20л"
https://agroplant.com.ua/uk/tilt-turbo-575,4 980 грн.,В наявності,"Фунгіцид Тілт Турбо 575 (Фенпропідину, Пропіконазолу)",Сингента,5л
https://agroplant.com.ua/uk/tilt-250,3 860 грн.,В наявності,Фунгіцид Тілт 250 (Пропіконазолу),Сингента,5л
https://agroplant.com.ua/uk/tinazol-fungicid,3 650 грн.,В наявності,Фунгіцид Тiназол (Пропіконазол),Нертус,5л
https://agroplant.com.ua/uk/tioma,2 570 грн.,В наявності,Фунгіцид Тіома (Тіофанат-метил),Нертус,5л
https://agroplant.com.ua/uk/tiofen-ekstra,1 040 грн.,В наявності,"Фунгіцид Тіофен Екстра (Тіофанат-метил, Пенконазол)",Хімагромаркетинг,1кг
https://agroplant.com.ua/uk/tolazin-ultra,9 540 грн.,В наявності,"Гербіцид Толазин Ультра (S-метолахлор, Тербутилазин)",Агрохімічні Технології,20л
https://agroplant.com.ua/uk/top-efekt,3 940 грн.,В наявності,Фунгіцид Топ Ефект (Флутріафол),Укравіт,5л
https://agroplant.com.ua/uk/topaz-100,9 895 грн.,В наявності,Фунгіцид Топаз 100 (Пенконазол),Сингента,"1л, 5л"
https://agroplant.com.ua/uk/torsida-insekticid,7 550 грн.,В наявності,Інсектицид Торсіда (Лямбда-цигалотрин),Нертус,5л
https://agroplant.com.ua/uk/total-k-gerbitsid,3 030 грн.,В наявності,Гербіцид Тотал К (Калійна сіль гліфосату),Хімагромаркетинг,10л
https://agroplant.com.ua/uk/gerbicid-total,1 950 грн.,В наявності,Гербіцид Тотал (Ізопропіламінна сіль гліфосату),Хімагромаркетинг,10л
https://agroplant.com.ua/uk/trivium,2 500 грн.,В наявності,"Гербіцид Тривіум (Римсульфурон, Тифенсульфурон-метил, Флорасулам)",Альфа Смарт Агро,"0,5кг"
https://agroplant.com.ua/uk/trinavanta,3 730 грн.,В наявності,"Тринаванта (Дифеноконазол, Азоксистробін, Тіаметоксам)",Нертус,5л
https://agroplant.com.ua/uk/tristar,830 грн.,В наявності,"Гербіцид Тристар (Трибенурон-метил, Тифенсульфурон-метил, Флуроксипір-метил)",Хімагромаркетинг,"0,35кг"
https://agroplant.com.ua/uk/triolan,1 410 грн.,В наявності,"Тріолан (Tіаметоксам, Tритіконазол, Прохлораз)",Хімагромаркетинг,"1л, 5л"
https://agroplant.com.ua/uk/troyset,2 660 грн.,В наявності,"Фунгіцид Тройсет (Дифеноконазол, Диметоморф, Металаксил-М)",Укравіт,5кг
https://agroplant.com.ua/uk/tru,1 990 грн.,В наявності,Гербіцид ТРУ (Трибенурон-метил),Нуфарм,"0,5кг"
https://agroplant.com.ua/uk/tumen,5 690 грн.,В наявності,"Тумен (Дифеноконазол, Азоксистробін)",Нертус,5л
https://agroplant.com.ua/uk/turil,7 314 грн.,В наявності,Інсектицид Туріл (Емамектин бензоат),Укравіт,"0,25кг"
https://agroplant.com.ua/uk/ultrasil,2 490 грн.,В наявності,Ультрасил (Тебуконазол),Укравіт,5л
https://agroplant.com.ua/uk/ultrasil-duo,5 190 грн.,В наявності,"Ультрасил Дуо (Тебуконазол, Імазаліл)",Укравіт,5л
https://agroplant.com.ua/uk/universal,1 240 грн.,В наявності,Фунгіцид Універсал (Тебуконазол),Хімагромаркетинг,1кг
https://agroplant.com.ua/uk/unikal,3 110 грн.,В наявності,Фунгіцид Унікаль (Тебуконазол),Укравіт,5л
https://agroplant.com.ua/uk/unisulam,1 160 грн.,В наявності,Гербіцид Унісулам (Флорасулам),Агрохімічні Технології,"0,5л"
https://agroplant.com.ua/uk/uragan-forte-500-sl-20l,14 500 грн.,В наявності,Гербіцид Ураган Форте (Калійна сіль гліфосату),Сингента,20л
https://agroplant.com.ua/uk/faer,7 760 грн.,В наявності,"Фаер (Тирам, Тіабендазол, Металаксил-м)",Нертус,5л
https://agroplant.com.ua/uk/falkon-insektytsyd,7 220 грн.,В наявності,"Фунгіцид Фалькон (Тебуконазол, Триадименол, Спіроксамін)",Байер,5л
https://agroplant.com.ua/uk/faraon,2 280 грн.,В наявності,"Інсектицид Фараон (Хлорпірифос, Лямбда-цигалотрин)",Хімагромаркетинг,5л
https://agroplant.com.ua/uk/fas,1 780 грн.,В наявності,Інсектицид Фас (Альфа-циперметрин),Укравіт,5л
https://agroplant.com.ua/uk/fastak,910 грн.,В наявності,Інсектицид Фастак (Альфа-циперметрин),БАСФ,1л
https://agroplant.com.ua/uk/fatrin,2 070 грн.,В наявності,Інсектицид Фатрін (Альфа-циперметрин),Нертус,5л
https://agroplant.com.ua/uk/feniks-duo-fungitsid,4 150 грн.,В наявності,"Фунгіцид Фенікс Дуо (Флутриафол, Тіофанат-метил)",Альфа Смарт Агро,5л
https://agroplant.com.ua/uk/fungitsid-feniks,5 270 грн.,В наявності,Фунгіцид Фенікс (Флутриафол),Альфа Смарт Агро,10л
https://agroplant.com.ua/uk/fenomen,4 571 грн.,В наявності,"Фунгіцид Феномен (Каптан, Флутриафол)",Укравіт,5кг
https://agroplant.com.ua/uk/fidelis-fungicid,3 440 грн.,В наявності,"Фунгіцид Фіделіс (Дифеноконазол, Тіофанат-метил)",Нертус,5л
https://agroplant.com.ua/uk/fitolekar,3 490 грн.,В наявності,Фунгіцид Фітолікар (Флутриафол),Хімагромаркетинг,5л
https://agroplant.com.ua/uk/flagman,14 690 грн.,В наявності,Гербіцид Флагман (Бентазон),Укравіт,20л
https://agroplant.com.ua/uk/flagman-ekstra,22 410 грн.,В наявності,"Гербіцид Флагман Екстра (Бентазон, Ацифлуорфен)",Укравіт,20л
https://agroplant.com.ua/uk/fluafol-fungicid,3 610 грн.,В наявності,Фунгіцид Флуафол (Флутриафол),Нертус,5л
https://agroplant.com.ua/uk/flumet,4 070 грн.,В наявності,Гербіцид Флумет (Флуметсулам),Хімагромаркетинг,"0,5кг"
https://agroplant.com.ua/uk/flutrivit-maxi,5 230 грн.,В наявності,Фунгіцид Флутривіт Максі (Флутриафол),Агрохімічні Технології,5л
https://agroplant.com.ua/uk/folio-gerbicid,6 310 грн.,В наявності,"Гербіцид Фоліо (Пропізохлор, Флурохлорідон)",Нертус,5л
https://agroplant.com.ua/uk/forint-insecticid,2 280 грн.,В наявності,"Інсектицид Форинт (Хлорпірифос, Циперметрин)",Пест.Юей,5л
https://agroplant.com.ua/uk/fornet-040-sc-k-s,3 650 грн.,В наявності,Гербіцид Форнет (Нікосульфурон),Сингента,5л
https://agroplant.com.ua/uk/fors-1-5,7 680 грн.,В наявності,"Інсектицид Форс 1,5 (Тефлутрин)",Сингента,20кг
https://agroplant.com.ua/uk/fosminiy,800 грн.,В наявності,Інсектицид Фосміній (Фосфід алюмінію),Нертус,1кг
https://agroplant.com.ua/uk/fosorgan-duo,2 070 грн.,В наявності,"Інсектицид Фосорган Дуо (Хлорпірифос, Циперметрин)",Агрохімічні Технології,5л
https://agroplant.com.ua/uk/fostran,3 820 грн.,В наявності,Інсектицид Фостран (Діметоат),Хімагромаркетинг,10л
https://agroplant.com.ua/uk/fuzarin,3 820 грн.,В наявності,"Фунгіцид Фузарин (Тебуконазол, Прохлораз)",Хімагромаркетинг,10л
https://agroplant.com.ua/uk/fundazim,910 грн.,В наявності,Фунгіцид Фундазим (Беноміл),Укравіт,1кг
https://agroplant.com.ua/uk/fufanon,2 300 грн.,В наявності,Інсектицид Фуфанон (Малатіон),ФМС,5л
https://agroplant.com.ua/uk/fuzilad-forte-150,16 890 грн.,В наявності,Гербіцид Фюзілад Форте 150 (Флуазифоп-П-бутил),Сингента,20л
https://agroplant.com.ua/uk/harmoni,1 870 грн.,В наявності,Гербіцид Хармоні (Тифенсульфурон-метил),ФМС,"0,1кг"
https://agroplant.com.ua/uk/harnes,12 240 грн.,В наявності,Гербіцид Харнес (Ацетохлор),Монсанто,20л
https://agroplant.com.ua/uk/hlormekvat-hlorid,2 950 грн.,В наявності,Фунгіцид Хлормекват-Хлорид (Хлормекват-xлорид),БАСФ,10л
https://agroplant.com.ua/uk/hlorp%D1%96r%D1%96v%D1%96t-agro,11 120 грн.,В наявності,"Інсектицид Хлорпірівіт агро (Хлорпірифос, Циперметрин)",Укравіт,20л
https://agroplant.com.ua/uk/hortus-gerbicid-cena-za-20l-kupit,12 860 грн.,В наявності,Гербіцид Хортус (Ацетохлор),Укравіт,20л
https://agroplant.com.ua/uk/horus-nsekticid-c-na-za-1-kg,5 810 грн.,В наявності,Хорус інсектицид,Сингента,
https://agroplant.com.ua/uk/cetodim,8 710 грн.,В наявності,Гербіцид Цетодим (Клетодим),Нертус,5л
https://agroplant.com.ua/uk/civik,1 040 грн.,В наявності,Цивік,Альфа Смарт Агро,Unknown
https://agroplant.com.ua/uk/shaman,2 860 грн.,В наявності,"Інсектицид Шаман (Хлорпірифос, Циперметрин)",Нертус,5л
https://agroplant.com.ua/uk/yukatan-gerbicid,2 700 грн.,В наявності,Гербіцид Юкатан (Кломазон),Пест.Юей,5л
